,id,e-mail
0,2128792,terri.chaffman@gmail.com
1,2128794,eldorados1@hotmail.com
2,2128802,lenaespencer.latc@yahoo.com
3,2128826,ljslondon@jrscorbin.com
4,2128855,eew.losohio@gmail.com
5,2128856,tthebrickllc@columbus.rr.com
6,2128857,cappyslondon@gmail.com
7,2128863,unit.0494@bobevans.com
8,2128888,info@angussteakhouse.co.uk
9,3561362,lgrg@ldry.com
10,3561371,support@tasteoftexas.com
11,3561374,info@rusconiskitchen.com
12,3561376,guestservices@steak44.com
13,3561377,contactus@phoeniciafoods.com
14,3561379,info@mezzagrillehouston.com
15,3561382,office@cheesyeddies.com
16,3561383,billy@hallschophouse.com
17,3561386,media@pomopizzeria.com
18,3561388,info@cafemonarch.com
19,3561391,contact@paiafishmarket.com
20,3561396,qkenan.restaurant@gmail.com
21,3561397,thatsamoregelato@gmail.com
22,3561398,houstoncitycentre@eddiev.com
23,3561399,info@breakerbrewingcompany.com
24,3561400,coloradospringsco@meltingpotfranchise.com
25,3561404,info@premierehotel.com
26,3561405,info@savoiapastry.com
27,3561410,contact@lima-restaurant.com
28,3561411,psi@petershieldsinn.com
29,3561415,customercare@martinsrestaurants.com
30,3561417,lfischer@rochester.rr.com
31,3561418,info@chathamsplace.com
32,3561419,contact@jenis.com
33,3561420,tkb.msippel@gmail.com
34,3561427,christie@normans.com
35,3561429,ourproject@dolce-salato.net
36,3561430,cafetoscana@ptd.net
37,3561431,elpescadorfishmarket@gmail.com
38,3561432,doug.blackdiamond@gmail.com
39,3561433,catering@sanchezbistro.com
40,3561436,hipokebar@gmail.com
41,3561438,tnmonells@comcast.net
42,3561441,unionpark@gmail.com
43,3561443,reservations@binkleysrestaurant.com
44,3561444,letcrackersknow@crackerscafe.com
45,3561445,houston@tcgdine.com
46,3561446,info@purpleroompalmsprings.com
47,3561447,info@etchrestaurant.com
48,3561452,drphillips@bosphorousrestaurant.com
49,3561455,charlestongrill.cph@belmond.com
50,3561457,info@essencerestaurants.com
51,3561459,info.lajolla@thecottagerestaurant.com
52,3561461,contact@butterfieldsrestaurant.com
53,3561463,info@bosphorousrestaurant.com
54,3561465,info@slimandhuskys.com
55,3561466,phoenix@tcgdine.com
56,3561467,john@joshandjohns.com
57,3561469,info@revivalchs.com
58,3561470,info@antoinessarasota.com
59,3561474,scottsdale@rehabburgertherapy.com
60,3561476,info@leosrestaurant.com
61,3561477,info@steakshackhawaii.com
62,3561479,monikabokelmann@hotmail.com
63,3561480,info@fivepointspizza.com
64,3561481,info@nine-ten.com
65,3561482,heidi@kresrestaurant.com
66,3561487,info@bcnhouston.com
67,3561489,bakery@leonardshawaii.com
68,3561490,rwbaz@earthlink.net
69,3561496,reservations@peninsulagrill.com
70,3561497,contact.lajolla@piatti.com
71,3561498,info@jeffruby.com
72,3561501,info@thegreenwell.com
73,3561502,email@phoenixcitygrille.com
74,3561504,veronicafishandoyster@gmail.com
75,3561506,eggme@snoozeeatery.com
76,3561508,bhabhapersian@aol.com
77,3561509,bob@bennettsfreshroast.com
78,3561513,1413@elementsrq.com
79,3561515,lajolla@eddiev.com
80,3561516,scottsdale@tcgdine.com
81,3561517,info@skullsrainbowroom.com
82,3561522,omar@levallauris.com
83,3561525,info.lajolla@weolive.com
84,3561528,laspaletasnashville@gmail.com
85,3561529,contactus@theparlor.us
86,3561530,osteria.celli@gmail.com
87,3561531,washingtoninnreservations@gmail.com
88,3561532,info@laviolettasrq.com
89,3561535,mtnshadowsrestaurant@gmail.com
90,3561536,monika@fusegastrobar.com
91,3561539,info@swigandswine.com
92,3561540,charlestonsmesa@halsmith.com
93,3561544,arenabarandgrill@aol.com
94,3561545,info@uchirestaurants.com
95,3561546,mysinbads@gmail.com
96,3561547,amysdonutscs@gmail.com
97,3561548,gentilescheesesteaks@gmail.com
98,3561551,gmchophousegr@msventures.net
99,3561553,info@gilberts17thstgrill.com
100,3561556,info@crucafe.com
101,3561557,info@riversidehotel.com
102,3561561,info@greencorneraz.com
103,3561562,pvwater@yahoo.com
104,3561564,info@tapateria.com
105,3561565,cheryl@dandelioncommunity.com
106,3561570,reservations@lodgetorreypines.com
107,3561572,scottsdale@rokaakor.com
108,3561575,info@circa1886.com
109,3561577,surfsidewest@comcast.net
110,3561579,info@rabbitholedinner.com
111,3561580,piccolomarket@gmail.com
112,3561583,joeyhouseofpizza@aol.com
113,3561584,chefchai@outlook.com
114,3561589,contact@jenis.com
115,3561590,tommy@hotdogtommys.com
116,3561592,info@harryscoffeeshop.com
117,3561595,scottsdale@eddiev.com
118,3561597,info@rooneysrestaurant.com
119,3561599,bg.fresh.mex@gmail.com
120,3561600,contact@jenis.com
121,3561601,info@halekulani.com
122,3561602,jack@organstoppizza.com
123,3561605,info@cafeleurope.net
124,3561609,info@thebreakfastklub.com
125,3561613,info@82queen.com
126,3561615,minasbistro@live.com
127,3561616,girardgourmet0@gmail.com
128,3561618,info@bistrobellavita.com
129,3561619,ristorantelucano@aol.com
130,3561622,camato3686@aol.com
131,3561628,tropicaltribehi@gmail.com
132,3561629,allpierogi@hotmail.com
133,3561631,info@casa-d-angelo.com
134,3561633,info@thebearcreekcafe.com
135,3561636,naples@kilwins.com
136,3561637,info@pizzeriarustica.com
137,3561640,info@arnoldpalmersrestaurant.com
138,3561641,info@shorehousekitchen.com
139,3561642,guestrelations@bjsrestaurants.com
140,3561643,info@owlhouserochester.com
141,3561644,info@terragr.com
142,3561646,info@seitosushi.com
143,3561648,minipitacafe@gmail.com
144,3561649,eggme@snoozeeatery.com
145,3561652,richardsonsnm@yahoo.com
146,3561653,ssghawaii@hotmail.com
147,3561654,info@burgerlounge.com
148,3561656,info@fogo.com
149,3561657,management@rodizionashville.com
150,3561660,info@jonandpattys.com
151,3561663,annasdeli941@hotmail.com
152,3561664,contact@watermarkgrille.com
153,3561667,jines@frontier.com
154,3561668,alessiasaz@yahoo.com
155,3561669,info@spencersrestaurant.com
156,3561670,karina.valencia@chimasteakhouse.com
157,3561673,clay.thompson@comcast.net
158,3561674,info@donkeygr.com
159,3561675,info@domsteak.com
160,3561678,d@wnlhosp.com
161,3561679,browndogdeli@gmail.com
162,3561680,orlando@eddiev.com
163,3561685,info@eight4nine.com
164,3561687,sumaroninc@outlook.com
165,3561688,shugas@gmail.com
166,3561689,droyakhire7@gmail.com
167,3561691,info@ejscafe.com
168,3561693,contact@shopcafeparis.com
169,3561698,themargarita@att.net
170,3561700,eat@greenbarkitchen.com
171,3561701,info.cph@belmond.com
172,3561702,guestservice@wildflowerbread.com
173,3561703,dixiebelle09@gmail.com
174,3561706,monica@etoilecuisine.com
175,3561707,damonshazleton@gmail.com
176,3561709,darfonsrestaurant@yahoo.com
177,3561710,support@hopcat.com
178,3561712,info@mangosmexicancafe.com
179,3561713,uncleboskapahulu@gmail.com
180,3561715,feedback@karaicrab.com
181,3561717,labellavitaristorante@gmail.com
182,3561718,info@tuttisantiscottsdale.com
183,3561719,grillaburger@aol.com
184,3561722,greekislandsfl@aol.com
185,3561724,mr@marineroom.com
186,3561727,anasbraziliankitchen@gmail.com
187,3561730,info@gelatodolcevita.com
188,3561732,universitygrill1997@gmail.com
189,3561734,info@artisansrestaurant.com
190,3561736,atahinquiry@gmail.com
191,3561737,info@hotkrust.com
192,3561738,info@thetropicale.com
193,3561739,marketing@annashouseus.com
194,3561741,rochester@bigsteak24.com
195,3561743,contact@peacepieworld.com
196,3561746,thewildcow@live.com
197,3561748,info@amenstreet.com
198,3561749,info.cph@belmond.com
199,3561753,eat@republicaempanada.com
200,3561755,elreyaztecaresturant@gmail.com
201,3561757,eat@vegasdiner.net
202,3561760,parkavenuepub@rochester.rr.com
203,3561761,info@whisknladle.com
204,3561762,downtownhouseofpizza@gmail.com
205,3561764,hello@eatatfig.com
206,3561766,info@hattieb.com
207,3561767,dining@swandolphin.com
208,3561768,sundancegrill_ottawa@4gr8food.com
209,3561770,paravicinisbistro@aol.com
210,3561771,comments@takedathai.com
211,3561773,paula@pattersonandmurphy.com
212,3561774,info@mittenbrewing.com
213,3561778,info@lovelesscafe.com
214,3561779,roaringforkscotts@roaringfork.com
215,3561780,st.armands@dineshore.com
216,3561785,hello@eatpuesto.com
217,3561786,info@latoltecawilkesbarre.com
218,3561788,info@sermetscourtyard.com
219,3561792,info@sibon-sogood.com
220,3561794,ppiero@me.com
221,3561796,ricksrestaurant@yahoo.com
222,3561801,sq1ftmyers@sq1bb.com
223,3561804,media@craverealburgers.com
224,3561806,stkh@ldry.com
225,3561809,oaksteakhouse@theindigoroad.com
226,3561810,info@citizenpublichouse.com
227,3561812,babykayscajunkitchen@gmail.com
228,3561815,info@hanksseafoodrestaurant.com
229,3561817,info@t-michaels.com
230,3561820,info@smithhousenashville.com
231,3561823,theelectriccheetah@yahoo.com
232,3561824,info@saporeitalianorestaurant.com
233,3561825,chelseasgroup@lgohospitality.com
234,3561826,greg@copleysrestaurant.com
235,3561827,contactus@casablancacafeonline.com
236,3561828,info@edelweissrest.com
237,3561830,hpdiner@gmail.com
238,3561831,charleston@kilwins.com
239,3561832,mach@ldry.com
240,3561837,marugrandrapids@gmail.com
241,3561840,berninisbistro@aol.com
242,3561842,701mosaic@gmail.com
243,3561849,ryangatehousemedia@gmail.com
244,3561854,kalventuresinc@yahoo.com
245,3561859,info@georgesatthecove.com
246,3561860,info@stillerynashville.com
247,3561863,cafeframboisechs@gmail.com
248,3561864,info@fadismeyerland.com
249,3561867,contact@osakaaz.com
250,3561870,catherine@lazylobsterlbk.com
251,3561871,ageliki@wainright.net
252,3561873,mtroy@jackquinnspub.com
253,3561875,info@foxrc.net
254,3561879,oldtownscottsdale@oreganos.com
255,3561882,customerservice@riverstreetsweets.com
256,3561884,ziggy@kennyandziggys.com
257,3561885,blaize@urbangrub.net
258,3561887,tim@zonafresca.com
259,3561888,cheeseshopshores@gmail.com
260,3561890,info@tapas177.com
261,3561891,aloha@lappertshawaii.com
262,3561893,info@beckettstable.com
263,3561898,cozycornercafe@ymail.com
264,3561902,info@angrycrabshack.com
265,3561905,info@redfernrochester.com
266,3561906,mjsambro@gmail.com
267,3561910,topofthe80s@yahoo.com
268,3561913,trulucks-naples@trulucks.com
269,3561915,info@perkeatery.com
270,3561918,ftlauderdale@tcgdine.com
271,3561919,info@manhattanoflajolla.com
272,3561920,keewee323@aol.com
273,3561921,info@coolscoops.com
274,3561925,doughavron@yahoo.com
275,3561926,catering@amayaindiancuisine.com
276,3561931,federal@upwardprojects.com
277,3561934,info@hattieb.com
278,3561935,coconutsbenice@gmail.com
279,3561936,millenia@kekes.com
280,3561937,info@thegrocerycharleston.com
281,3561940,rcshwaikiki@direstaurants.com
282,3561941,info@brennanshouston.com
283,3561942,bubbassmokehousebbq@gmail.com
284,3561943,mesa_1008@oreganos.com
285,3561947,info@barriocafe.com
286,3561948,gm@winchestergr.com
287,3561949,alchemist@alchemypubcolorado.com?subject=Nota%20di%20Alessio%20Talbozzi%20nella%20tua%20Pagina%20Facebook%20Alchemy&body=Il%20tuo%20nome%3A%0A%0ANumero%20di%20telefono%3A%0A%0ALa%20tua%20domanda%3A
288,3561949,alchemist@alchemypubcolorado.com
289,3561951,customerrelations@texasdebrazil.com
290,3561954,puebloviejogrill@hotmail.com
291,3561955,elistable@elistable.com
292,3561958,info@kaluzrestaurant.com
293,3561961,info@eltiempocantina.com
294,3561962,naples@tcgdine.com
295,3561963,kamehamebakeryhawaii@gmail.com
296,3561965,cherieinn@gmail.com
297,3561966,settasf@gmail.com
298,3561967,www.rickandyou@verizon.net
299,3561973,amanda@codyslajolla.com
300,3561976,corkandforklq@gmail.com
301,3561980,info@myhighwayinn.com
302,3561982,info@roesslersrestaurant.com
303,3561984,hannoodlebar@gmail.com
304,3561986,sugarbowlscottsdale@yahoo.com
305,3561987,info@naplesgrande.com
306,3561994,recruiter@tommybahama.com
307,3561995,mrspotatofl@gmail.com
308,3562003,david@steakandstone.com
309,3562008,david@mitchelldeli.com
310,3562009,info@ussnemorestaurant.com
311,3562011,info@theburgerplace.com
312,3562012,gmscottsdale@ruthschris.com
313,3562013,isinspire@aol.com
314,3562016,info@tratarochester.com
315,3562018,theriversidemarket@gmail.com
316,3562020,dining@marcobistro.com
317,3562021,info@farmersmarketrestaurant.com
318,3562022,peter@thedistillery.com
319,3562023,tishascapemay@yahoo.com
320,3562024,bgjacksonstbbq@gmail.com
321,3562025,breizhpancrepes@gmail.com
322,3562026,alex@alpineofnaples.com
323,3562027,guillermosrestaurant@icloud.com
324,3562029,info@frescoorlando.com
325,3562030,jakeandtellys@gmail.com
326,3562033,admin@kitchen67.com
327,3562034,mike@mikesicecream.com
328,3562036,sidestreetinn@gmail.com
329,3562039,fnbarizona@gmail.com
330,3562041,thecorktreerestaurant@gmail.com
331,3562043,ilovetheglassonion@yahoo.com
332,3562044,info@turtleclubnaples.com
333,3562048,houstonkirby@eddiev.com
334,3562049,eat@tarbells.com
335,3562050,teamrubino@frontier.com
336,3562057,events@barbarellarestaurant.com
337,3562058,randy@midtowncafe.com
338,3562065,info@halekulani.com
339,3562067,info@bajajoescantina.com
340,3562068,info@thepigandthelady.com
341,3562070,info@herringboneeats.com
342,3562073,groupevents@tottrg.com
343,3562074,info@peglegporker.com
344,3562076,shrimpshackfm@gmail.com
345,3562078,info@caffemilanonaples.com
346,3562080,events@thethumb.com
347,3562081,info@freshstartcafesrq.com
348,3562084,unclecheetahs@gmail.com
349,3562086,travis@stockyardssteakhouse.com
350,3562092,info@pooganssmokehouse.com
351,3562094,info@halekulani.com
352,3562096,dining@defalcosdeli.com
353,3562097,gl@brickandbell.com
354,3562098,info@marcheartisanfoods.com
355,3562099,lisa@chezboetnaples.com
356,3562100,service@pitajungle.com
357,3562102,napawoodfiredfiles@gmail.com
358,3562104,steak954.marketing@starr-restaurant.com
359,3562106,info@bluenilerestaurant.com
360,3562107,info@rainbow-lodge.com
361,3562111,colorado.springs@blackbeardiner.com
362,3562114,feedback@smokeybones.com
363,3562116,stellaschs@gmail.com
364,3562117,info@fogo.com
365,3562119,info@zsbar.com
366,3562120,orlando@tcgdine.com
367,3562122,kelly.miller@wegmans.com
368,3562125,info@jakespalmsprings.com?subject=Nota%20di%20Alessio%20Talbozzi%20nella%20tua%20Pagina%20Facebook%20Jake%27s%20Palm%20Springs&body=Il%20tuo%20nome%3A%0A%0ANumero%20di%20telefono%3A%0A%0ALa%20tua%20domanda%3A
369,3562125,info@jakespalmsprings.com
370,3562126,yodersrestaurant@gmail.com
371,3562137,comments@bluedolphincafe.com
372,3562140,info@hobnobnaples.com
373,3562144,cosmo@pestoeatery.com
374,3562146,info@tattooedmoose.com
375,3562149,info@divanigr.com
376,3562150,mylococharlies@gmail.com
377,3562151,info@jimmypscharred.com
378,3562153,contact@mstreetnashville.com
379,3562156,orlando@tcgdine.com
380,3562158,social@unclesfishmarket.com
381,3562159,info@biaggis.com
382,3562162,info@sugarandscribe.com
383,3562165,shieldsdates@aol.com
384,3562169,brickandportergr@gmail.com
385,3562172,mg0195gm@maggianos.com
386,3562176,info@thecubroomroc.com
387,3562177,sara@gnomecafe.com
388,3562180,info@kararestaurantgroup.com
389,3562185,isabelfoodgirl@gmail.com
390,3562186,tony@ducaspizza.com
391,3562187,info@chauhannashville.com
392,3562192,dailydosegrill@gmail.com
393,3562193,tracy@backstreetcafe.net
394,3562197,brian@carmellasdessertbar.com
395,3562200,hello@hotelvalleyho.com
396,3562201,ej@lucilleshouston.com
397,3562202,info@margotcafe.com
398,3562203,info@colleonis.com
399,3562204,trulucks-ftlauderdale@trulucks.com
400,3562206,info@phantomcanyon.com
401,3562207,groups@kaisercorp.com
402,3562215,sstrellish@gricosrestaurant.com
403,3562217,edmundsoast@edmundsoast.com
404,3562219,info@piazza1909.com
405,3562220,info@worthtakeaway.com
406,3562221,info@mrestaurantandbar.com
407,3562222,office@labrasserielaquinta.com
408,3562223,dmmmoderntiki@gmail.com
409,3562224,toastedmangocafe@yahoo.com
410,3562225,office@gracesonkirby.com
411,3562228,jasonbradford@miningexchangehotel.com
412,3562229,information@arcadiafarmscafe.com
413,3562230,info@kcamericanbistro.com
414,3562232,contact@kellyslanding.com
415,3562238,info@sofritocafe.com
416,3562239,fg1001@fordsgarageusa.com
417,3562240,info@selvagrill.com
418,3562242,edgehill@barcelonawinebar.com
419,3562243,gianluca@cosmospizzanaples.com
420,3562246,redgeraniumkz@4gr8food.com
421,3562249,info@ilmulinofl.com
422,3562250,info@birdrockcoffee.com
423,3562252,indaco@theindigoroad.com
424,3562253,tomskitchen656@gmail.com
425,3562255,specialevents@talkofthetownrestaurants.com
426,3562256,info@bestfood.com
427,3562258,banquets@dukeswaikiki.com
428,3562259,info@triopalmsprings.com
429,3562260,texaz@texazgrill.com
430,3562263,info@boatyard.restaurant
431,3562265,info@unclebuds.com
432,3562266,famoussteakhouse@gmail.com
433,3562267,info@butcherandbee.com
434,3562268,info@amorempedacosbakery.com
435,3562270,facebook@blueadobegrille.com
436,3562271,drink@sovengard.com
437,3562272,eatrealpizza@solorzanobros.com
438,3562273,ftmyersfl@meltingpotfranchise.com
439,3562276,phohuynhgirl@yahoo.com
440,3562277,info@cusprestaurant.com
441,3562279,phx@slatebridge.com
442,3562280,417@417union.com
443,3562281,info@s3restaurant.com
444,3562284,mail@eattheordinary.com
445,3562285,info@charbroilrestaurant.com
446,3562289,info@oysterhouse.menu
447,3562292,hyshawaii@hawaiiantel.net
448,3562293,arnoldsmeatand3@gmail.com
449,3562294,rosasmexaz@gmail.com
450,3562296,pkgarnier@msn.com?subject=Nota%20di%20Alessio%20Talbozzi%20nella%20tua%20Pagina%20Facebook%20La%20Baguette%20French%20Bistro&body=Il%20tuo%20nome%3A%0A%0ANumero%20di%20telefono%3A%0A%0ALa%20tua%20domanda%3A
451,3562296,pkgarnier@msn.com
452,3562297,brewcrew@rohrbachs.com
453,3562300,ridgedonut@gmail.com
454,3562302,therosemarysarasota@gmail.com
455,3562309,sgcs@ldry.com
456,3562310,eduardodesanangel@live.com
457,3562311,cosmicvegansphx@gmail.com
458,3562313,info@ansonrestaurant.com
459,3562314,osborn@tacoguild.com
460,3562316,thechezolga@gmail.com
461,3562318,orlando@seasons52.com
462,3562323,info@sunnysidecafesrq.com
463,3562327,info@noodlescafe.com
464,3562328,contact@hose22.com
465,3562329,saltypapas@comcast.net
466,3562330,info@luckybones.com
467,3562332,service@pitajungle.com
468,3562339,events@slowsgr.com
469,3562342,contact@alanwongs.com
470,3562343,gmpalmdesert@ruthschris.com
471,3562346,info.naples@lamoragarestaurant.com
472,3562347,info@atlsaigongroup.com
473,3562349,lamoreitalian@gmail.com
474,3562355,dewey@catfishdeweys.com
475,3562356,nunthapornthai@yahoo.com
476,3562360,info@thefrenchnaples.com
477,3562361,info@12thavegrill.com
478,3562363,info@speakezlounge.com
479,3562365,info@winebargeorge.com
480,3562369,info@bluebirdcafe.com
481,3562370,village@benjys.com
482,3562371,clare@mmprmarketing.com
483,3562374,hello@louiebossi.com
484,3562377,janescafe@gmail.com
485,3562378,bellemeade@sperrys.com
486,3562379,omeletsetc@yahoo.com
487,3562382,castellisristorante@hotmail.com
488,3562386,windmill.lee09@yahoo.com
489,3562388,torchy@torchystacos.com
490,3562390,kegcommunity@kegrestaurants.com
491,3562391,info@bistro821.com
492,3562393,jwgrinfo@ahchospitality.com
493,3562397,bandanasmexicangrill@gmail.com
494,3562398,maos@ldry.com
495,3562399,iyasume.musubicafe@gmail.com
496,3562401,marc.grimaud@cafegabbiano.com
497,3562402,info@bice-naples.com
498,3562404,info@redwaterrestaurants.com
499,3562408,theteam@cmbrew.com
500,3562409,info@53bythesea.com
501,3562410,elvezfl.info@starr-restaurant.com
502,3562411,orlandogroup@thepalm.com
503,3562415,ricks_grill@verizon.net
504,3562416,beaverchoice@gmail.com
505,3562417,brett@waltsfish.com
506,3562420,info@galloblancocafe.com
507,3562421,theclambake05@aol.com
508,3562422,info@naplesflatbread.com
509,3562423,okucharleston@gmail.com
510,3562424,martina@originalwordofmouth.com
511,3562425,ccurley1279@yahoo.com
512,3562434,hungry@tomjenkinsbbq.net
513,3562435,talk@thegladly.com
514,3562436,comments@lupetortilla.com
515,3562438,info@komoonthai.com
516,3562439,johnstexmex@gmail.com
517,3562441,info@poogansporch.com
518,3562444,info@eltorobravosarasota.com
519,3562447,email@jusushi.com
520,3562448,info@melsdiners.com
521,3562457,elibiton810@gmail.com
522,3562458,m.cupolo1@gmail.com
523,3562462,info@caboscantinafl.com
524,3562463,zydecos@yahoo.com
525,3562465,manager@madbatter.com
526,3562466,sandysrestaurant2001@gmail.com
527,3562467,info@shirazgrille.com
528,3562468,z.izzard@bobs-steakandchop.com
529,3562469,info@cibophoenix.com
530,3562470,info@pompomsteahouse.com
531,3562471,info@beaumontseatery.com
532,3562473,fortlauderdale@seasons52.com
533,3562474,bernardsgrove@gmail.com
534,3562476,zklisara@gmail.com
535,3562478,yummymonkey@monkeybreadfactory.com
536,3562487,charleston@eatatbasil.com
537,3562488,info@mwrestaurant.com
538,3562489,info@bluewatergrill.com
539,3562493,info@trilogysanctuary.com
540,3562494,info@tulianaples.com
541,3562500,info@fleetlanding.net
542,3562502,comments.mes@rodiziogrill.com
543,3562503,kinfo@kilwins.com
544,3562505,info@suntowerhotelsuites.com
545,3562506,info@pomopizzeria.com
546,3562507,mackenzies@conceptrestaurants.net
547,3562511,mgee@gilmorec.com
548,3562512,rsvp@thefqc.com
549,3562518,info@thesouthernnashville.com
550,3562519,shea_1007@oreganos.com
551,3562523,feedback@freddysusa.com
552,3562524,mb.usa@maharajabhog.com
553,3562525,info@thestandardftmyers.com
554,3562526,info@three60market.com?subject=Nota%20di%20Alessio%20Talbozzi%20nella%20tua%20Pagina%20Facebook%20Three60%20Market&body=Il%20tuo%20nome%3A%0A%0ANumero%20di%20telefono%3A%0A%0ALa%20tua%20domanda%3A
555,3562526,info@three60market.com
556,3562528,info@eastbaymeetinghouse.com
557,3562529,marketing-ddss@dhgroup.com
558,3562530,m.thaliofindia@gmail.com
559,3562532,birddog@birddogbbq.com
560,3562534,gyros@greekcafemix.com
561,3562536,brandon.ingle@communityhospitality.com
562,3562537,info@blueribbondairy.com
563,3562539,azurefortmyers@gmail.com
564,3562541,rockwellrepublic@4gr8food.com
565,3562542,datscatering2514@gmail.com
566,3562543,masd@ldry.com
567,3562548,richardsonsnm@yahoo.com
568,3562551,service@bobbyosmenu.com
569,3562553,restaurants@kahalaresort.com
570,3562555,info@bluwolfbistro.com
571,3562563,pddg@dailygrill.com
572,3562564,gmbluepointe@msventures.net
573,3562566,louisg@irmassouthwest.com
574,3562567,royalhawaiian-concierge@pleasant.net
575,3562568,00660@chick-fil-a.com
576,3562570,proofcanteen.sco@fourseasons.com
577,3562571,ladolcevitalajolla@gmail.com
578,3562578,yeolefashioned@yahoo.com
579,3562580,blukouzinausa@gmail.com
580,3562581,hnlwibeachhousemanagers@marriott.com
581,3562584,guestrelations@perryssteakhouse.com
582,3562586,staff@nellospizzamesa.com
583,3562589,info@princessmarket.com
584,3562592,islandgypsycafe@gmail.com
585,3562603,sales@spiritlinecruises.com
586,3562605,lento@lentorestaurant.com
587,3562608,incaskitchen@gmail.com
588,3562611,thekitchen18@gmail.com
589,3562612,dave@goodfellaspizzaria.com
590,3562613,office@frankspizza.com
591,3562614,jack@tropicalacres.com
592,3562615,contact@burgerfi.com
593,3562617,contact@burgerfi.com
594,3562621,info@piccini.com
595,3562624,info@rosedalepizza.com
596,3562625,eat@xiaobaobiscuit.com
